Species,TP both,TP V2.4 only,TP V3 only,All both,All V2.4 only,All V3 only
Acanthis flammea,19,3,15,20,2,24
Aegithalos caudatus,7,2,3,10,1,8
Alauda arvensis,0,0,1,0,0,1
Anas platyrhynchos,3,3,2,3,3,2
Anser albifrons,2,0,6,16,2,11
Anser anser,1,3,2,1,3,4
Anser serrirostris,0,0,4,0,0,5
Anthus cervinus,0,0,5,0,0,5
Anthus pratensis,0,0,21,0,0,23
Ardea cinerea,6,1,4,7,3,5
Bombycilla garrulus,7,6,7,12,1,10
Botaurus minutus,0,0,1,0,0,5
Botaurus stellaris,5,2,2,6,4,5
Buteo buteo,1,2,0,2,2,1
Carduelis carduelis,11,4,23,12,3,26
Certhia familiaris,2,1,5,7,1,5
Chloris chloris,2,2,12,4,0,21
Chroicocephalus ridibundus,1,0,0,1,0,0
Coccothraustes coccothraustes,8,0,6,10,2,9
Coloeus monedula,0,0,1,0,0,1
Corvus corax,6,13,13,18,1,91
Corvus cornix,0,0,1,0,0,1
Cyanistes caeruleus,7,2,26,9,1,55
Dendrocopos leucotos,1,0,1,1,0,1
Dendrocopos major,0,0,3,0,0,5
Dryobates minor,1,0,4,1,1,4
Emberiza citrinella,0,0,2,0,0,2
Emberiza schoeniclus,3,0,8,3,0,10
Erithacus rubecula,2,2,16,4,0,34
Fringilla coelebs,14,9,11,26,6,70
Fringilla montifringilla,27,7,23,31,4,33
Gallinago gallinago,1,0,0,1,0,0
Garrulus glandarius,15,10,21,29,0,33
Glaucidium passerinum,0,1,0,0,2,0
Linaria cannabina,1,0,0,1,0,0
Loxia curvirostra,0,0,8,0,0,22
Lyrurus tetrix,0,0,1,0,0,2
Motacilla alba,3,0,4,3,0,4
Nucifraga caryocatactes,0,0,1,0,0,1
Parus major,0,0,45,1,0,87
Periparus ater,5,1,9,5,1,12
Phylloscopus collybita,4,3,4,5,2,4
Pica pica,9,7,8,18,5,3
Poecile montanus,13,8,12,34,1,23
Prunella modularis,16,5,13,19,7,10
Pyrrhula pyrrhula,21,22,12,80,0,64
Regulus regulus,12,2,13,12,2,25
Sitta europaea,1,0,6,1,0,9
Spinus spinus,19,20,30,84,7,81
Strix aluco,11,2,14,17,10,47
Strix uralensis,0,0,2,0,0,4
Tetrastes bonasia,3,1,4,3,2,4
Troglodytes troglodytes,1,0,2,1,0,2
Turdus iliacus,15,22,14,35,31,29
Turdus merula,2,3,38,4,1,101
Turdus philomelos,2,3,23,3,3,35
Turdus pilaris,16,30,38,135,6,81
Turdus viscivorus,1,0,3,1,0,15
