Species,Model,Raw detections,TP,FP,Reviewed FP (%),All bins,TP bins,Unreviewed bins,Partly reviewed bins
Acanthis flammea,v2.4,55,55,0,0.0,22,22,0,0
Aegithalos caudatus,v2.4,58,41,0,0.0,11,9,2,3
Alauda arvensis,v2.4,0,0,0,,0,0,0,0
Anas platyrhynchos,v2.4,16,16,0,0.0,6,6,0,0
Anser albifrons,v2.4,183,7,1,12.5,18,2,15,0
Anser anser,v2.4,4,4,0,0.0,4,4,0,0
Anser serrirostris,v2.4,0,0,0,,0,0,0,0
Anthus cervinus,v2.4,0,0,0,,0,0,0,0
Anthus pratensis,v2.4,0,0,0,,0,0,0,0
Ardea cinerea,v2.4,24,21,2,8.695652173913043,10,7,1,0
Bombycilla garrulus,v2.4,24,23,0,0.0,13,13,0,1
Botaurus minutus,v2.4,0,0,0,,0,0,0,0
Botaurus stellaris,v2.4,18,13,3,18.75,10,7,1,1
Buteo buteo,v2.4,14,13,1,7.142857142857143,4,3,0,0
Carduelis carduelis,v2.4,25,25,0,0.0,15,15,0,0
Certhia familiaris,v2.4,85,40,2,4.761904761904762,8,3,4,0
Chloris chloris,v2.4,38,27,0,0.0,4,4,0,1
Chroicocephalus ridibundus,v2.4,1,1,0,0.0,1,1,0,0
Coccothraustes coccothraustes,v2.4,26,22,4,15.384615384615385,12,8,0,0
Coloeus monedula,v2.4,0,0,0,,0,0,0,0
Corvus corax,v2.4,54,53,0,0.0,19,19,0,1
Corvus cornix,v2.4,0,0,0,,0,0,0,0
Cyanistes caeruleus,v2.4,23,21,0,0.0,10,9,1,1
Dendrocopos leucotos,v2.4,19,17,0,0.0,1,1,0,1
Dendrocopos major,v2.4,0,0,0,,0,0,0,0
Dryobates minor,v2.4,2,1,1,50.0,2,1,0,0
Emberiza citrinella,v2.4,0,0,0,,0,0,0,0
Emberiza schoeniclus,v2.4,3,3,0,0.0,3,3,0,0
Erithacus rubecula,v2.4,31,31,0,0.0,4,4,0,0
Fringilla coelebs,v2.4,87,66,4,5.714285714285714,32,23,7,3
Fringilla montifringilla,v2.4,71,69,2,2.816901408450704,35,34,0,0
Gallinago gallinago,v2.4,1,1,0,0.0,1,1,0,0
Garrulus glandarius,v2.4,83,61,0,0.0,29,25,4,1
Glaucidium passerinum,v2.4,2,1,1,50.0,2,1,0,0
Linaria cannabina,v2.4,2,2,0,0.0,1,1,0,0
Loxia curvirostra,v2.4,0,0,0,,0,0,0,0
Lyrurus tetrix,v2.4,0,0,0,,0,0,0,0
Motacilla alba,v2.4,6,6,0,0.0,3,3,0,0
Nucifraga caryocatactes,v2.4,0,0,0,,0,0,0,0
Parus major,v2.4,1,0,1,100.0,1,0,0,0
Periparus ater,v2.4,8,8,0,0.0,6,6,0,0
Phylloscopus collybita,v2.4,12,12,0,0.0,7,7,0,0
Pica pica,v2.4,91,78,0,0.0,23,16,7,2
Poecile montanus,v2.4,103,59,0,0.0,35,21,14,4
Prunella modularis,v2.4,49,35,0,0.0,26,21,5,0
Pyrrhula pyrrhula,v2.4,326,118,0,0.0,80,43,37,13
Regulus regulus,v2.4,37,30,0,0.0,14,14,0,1
Sitta europaea,v2.4,31,16,0,0.0,1,1,0,1
Spinus spinus,v2.4,251,85,0,0.0,91,39,52,7
Strix aluco,v2.4,131,61,17,21.794871794871796,27,13,0,2
Strix uralensis,v2.4,0,0,0,,0,0,0,0
Tetrastes bonasia,v2.4,5,4,1,20.0,5,4,0,0
Troglodytes troglodytes,v2.4,6,6,0,0.0,1,1,0,0
Turdus iliacus,v2.4,111,65,19,22.61904761904762,66,37,15,1
Turdus merula,v2.4,8,8,0,0.0,5,5,0,0
Turdus philomelos,v2.4,6,5,1,16.666666666666668,6,5,0,0
Turdus pilaris,v2.4,564,145,0,0.0,141,46,95,6
Turdus viscivorus,v2.4,2,2,0,0.0,1,1,0,0
Acanthis flammea,v3,178,126,8,5.970149253731344,44,34,8,2
Aegithalos caudatus,v3,202,62,0,0.0,18,10,8,8
Alauda arvensis,v3,2,2,0,0.0,1,1,0,0
Anas platyrhynchos,v3,8,8,0,0.0,5,5,0,0
Anser albifrons,v3,214,43,0,0.0,27,8,19,3
Anser anser,v3,13,3,10,76.92307692307692,5,3,0,0
Anser serrirostris,v3,11,8,0,0.0,5,4,1,1
Anthus cervinus,v3,5,5,0,0.0,5,5,0,0
Anthus pratensis,v3,33,29,2,6.451612903225806,23,21,0,1
Ardea cinerea,v3,37,34,3,8.108108108108109,12,10,0,0
Bombycilla garrulus,v3,81,63,3,4.545454545454546,22,14,7,0
Botaurus minutus,v3,6,2,3,60.0,5,1,1,0
Botaurus stellaris,v3,31,17,3,15.0,11,7,1,2
Buteo buteo,v3,12,4,1,20.0,3,1,1,1
Carduelis carduelis,v3,91,69,0,0.0,38,34,4,5
Certhia familiaris,v3,142,25,3,10.714285714285714,12,7,3,5
Chloris chloris,v3,197,72,3,4.0,25,14,10,1
Chroicocephalus ridibundus,v3,4,3,0,0.0,1,1,0,1
Coccothraustes coccothraustes,v3,45,39,3,7.142857142857143,19,14,2,1
Coloeus monedula,v3,1,1,0,0.0,1,1,0,0
Corvus corax,v3,607,129,32,19.875776397515526,109,19,71,11
Corvus cornix,v3,1,1,0,0.0,1,1,0,0
Cyanistes caeruleus,v3,305,77,0,0.0,64,33,31,23
Dendrocopos leucotos,v3,26,21,0,0.0,2,2,0,1
Dendrocopos major,v3,6,3,2,40.0,5,3,0,1
Dryobates minor,v3,10,9,1,10.0,5,5,0,0
Emberiza citrinella,v3,2,2,0,0.0,2,2,0,0
Emberiza schoeniclus,v3,18,16,0,0.0,13,11,2,0
Erithacus rubecula,v3,231,58,1,1.694915254237288,38,18,19,13
Fringilla coelebs,v3,484,73,17,18.88888888888889,96,25,62,29
Fringilla montifringilla,v3,171,131,10,7.092198581560283,64,50,9,6
Gallinago gallinago,v3,1,1,0,0.0,1,1,0,0
Garrulus glandarius,v3,243,118,1,0.8403361344537815,62,36,26,5
Glaucidium passerinum,v3,0,0,0,,0,0,0,0
Linaria cannabina,v3,4,4,0,0.0,1,1,0,0
Loxia curvirostra,v3,43,22,15,40.54054054054054,22,8,3,1
Lyrurus tetrix,v3,2,1,1,50.0,2,1,0,0
Motacilla alba,v3,12,12,0,0.0,7,7,0,0
Nucifraga caryocatactes,v3,1,1,0,0.0,1,1,0,0
Parus major,v3,395,91,0,0.0,88,45,43,32
Periparus ater,v3,35,32,0,0.0,17,14,3,0
Phylloscopus collybita,v3,28,26,0,0.0,9,8,1,1
Pica pica,v3,97,70,0,0.0,21,17,4,3
Poecile montanus,v3,363,88,0,0.0,57,25,32,19
Prunella modularis,v3,69,61,0,0.0,29,29,0,1
Pyrrhula pyrrhula,v3,1267,72,0,0.0,144,33,111,32
Regulus regulus,v3,206,85,1,1.1627906976744187,37,25,11,19
Sitta europaea,v3,58,31,0,0.0,10,7,3,1
Spinus spinus,v3,666,89,0,0.0,165,49,116,41
Strix aluco,v3,305,160,25,13.513513513513514,64,25,17,7
Strix uralensis,v3,4,2,2,50.0,4,2,0,0
Tetrastes bonasia,v3,13,13,0,0.0,7,7,0,0
Troglodytes troglodytes,v3,23,23,0,0.0,3,3,0,0
Turdus iliacus,v3,159,45,1,2.1739130434782608,64,29,34,15
Turdus merula,v3,494,97,0,0.0,105,40,65,26
Turdus philomelos,v3,63,41,1,2.380952380952381,38,25,12,3
Turdus pilaris,v3,1638,86,1,1.1494252873563218,216,54,161,52
Turdus viscivorus,v3,17,5,10,66.66666666666667,16,4,2,0
